famiglia,L_D,phi_gradi,Nq_immagine,x_pixel,y_pixel,impiego
medio,5,27.0,21.713288913754887,310.25,657.0,controllo
medio,5,27.2,22.45268426159952,319.61999999999995,646.0,controllo
medio,5,27.4,23.181946402678406,328.9899999999999,635.5,controllo
medio,5,27.599999999999998,23.93489494419899,338.3599999999999,625.0,controllo
medio,5,27.799999999999997,24.749941897389004,347.7299999999999,614.0,controllo
medio,5,28.199999999999996,26.343678054399906,366.4699999999998,593.5,controllo
medio,5,28.399999999999995,27.28224459877981,375.83999999999975,582.0,controllo
medio,5,28.599999999999994,28.16837063510286,385.20999999999975,571.5,controllo
medio,5,28.799999999999994,29.171946909957356,394.5799999999997,560.0,controllo
medio,5,28.999999999999993,30.073641119382664,403.94999999999965,550.0,controllo
medio,5,29.199999999999992,31.050431584933754,413.3199999999996,539.5,controllo
medio,5,29.39999999999999,32.107781521816136,422.6899999999996,528.5,controllo
medio,5,29.59999999999999,33.201137041615056,432.0599999999996,517.5,controllo
medio,5,29.79999999999999,34.2273720443444,441.42999999999955,507.5,controllo
medio,5,30.19999999999999,36.598128007019994,460.16999999999945,485.5,controllo
medio,5,30.399999999999988,37.844391790258776,469.5399999999994,474.5,controllo
medio,5,30.599999999999987,39.07357587636796,478.9099999999994,464.0,controllo
medio,5,30.799999999999986,40.28132581565076,488.2799999999994,454.0,controllo
medio,5,30.999999999999986,41.71645969087368,497.64999999999935,442.5,controllo
medio,5,31.199999999999985,43.0714083623975,507.0199999999993,432.0,controllo
medio,5,31.399999999999984,44.47036570378611,516.3899999999992,421.5,controllo
medio,5,31.599999999999984,46.05474573529587,525.7599999999993,410.0,controllo
medio,5,31.799999999999983,47.478281081573925,535.1299999999992,400.0,controllo
medio,5,32.39999999999998,52.8905206040345,563.239999999999,368.0,controllo
medio,5,32.59999999999998,55.32279481366045,572.6099999999991,356.0,controllo
medio,5,32.79999999999998,57.434917749851756,581.9799999999992,346.0,controllo
medio,5,32.99999999999998,59.62767766963381,591.349999999999,336.0,controllo
medio,5,33.199999999999974,62.25304091212994,600.7199999999988,324.5,controllo
medio,5,33.39999999999998,64.62974794584072,610.0899999999989,314.5,controllo
medio,5,33.59999999999998,67.34906068530853,619.459999999999,303.5,controllo
medio,5,33.799999999999976,70.1827891854757,628.8299999999988,292.5,controllo
medio,5,34.199999999999974,76.21295230766742,647.5699999999988,270.5,controllo
medio,5,34.39999999999998,79.12262317925051,656.9399999999989,260.5,controllo
medio,5,34.59999999999997,82.14337995322413,666.3099999999988,250.5,controllo
medio,5,34.79999999999997,85.92090421031173,675.6799999999986,238.5,controllo
medio,5,34.99999999999997,89.20120689733515,685.0499999999987,228.5,controllo
medio,5,35.199999999999974,92.78039490348006,694.4199999999988,218.0,controllo
medio,5,35.39999999999997,96.86544815263454,703.7899999999986,206.5,controllo
medio,10,27.0,16.245047927124716,310.25,739.5,controllo
medio,10,27.2,16.96030556195594,319.61999999999995,728.0,controllo
medio,10,27.4,17.673914642074003,328.9899999999999,717.0,controllo
medio,10,27.599999999999998,18.348672318607615,338.3599999999999,707.0,controllo
medio,10,27.799999999999997,19.15655100408611,347.7299999999999,695.5,controllo
medio,10,28.199999999999996,20.64959907027788,366.4699999999998,673.5,controllo
medio,10,28.399999999999995,21.385298269235566,375.83999999999975,662.0,controllo
medio,10,28.599999999999994,22.046310017122064,385.20999999999975,652.0,controllo
medio,10,28.799999999999994,22.866549103208477,394.5799999999997,640.0,controllo
medio,10,28.999999999999993,23.609253555103873,403.94999999999965,629.5,controllo
medio,10,29.199999999999992,24.376081013071378,413.3199999999996,619.0,controllo
medio,10,29.39999999999999,25.244546459495318,422.6899999999996,607.5,controllo
medio,10,29.59999999999999,26.104190536665676,432.0599999999996,596.5,controllo
medio,10,29.79999999999999,26.91106151861623,441.42999999999955,586.5,controllo
medio,10,30.19999999999999,28.818885080386263,460.16999999999945,564.0,controllo
medio,10,30.399999999999988,29.84563773530878,469.5399999999994,552.5,controllo
medio,10,30.599999999999987,30.861961231145656,478.9099999999994,541.5,controllo
medio,10,30.799999999999986,31.815893165120684,488.2799999999994,531.5,controllo
medio,10,30.999999999999986,32.99961230508171,497.64999999999935,519.5,controllo
medio,10,31.199999999999985,34.071438178727284,507.0199999999993,509.0,controllo
medio,10,31.399999999999984,35.17807690692387,516.3899999999992,498.5,controllo
medio,10,31.599999999999984,36.43139339569515,525.7599999999993,487.0,controllo
medio,10,31.799999999999983,37.671979421113456,535.1299999999992,476.0,controllo
medio,10,32.19999999999998,40.34268380445402,553.8699999999992,453.5,controllo
medio,10,32.39999999999998,41.589661405621115,563.239999999999,443.5,controllo
medio,10,32.59999999999998,43.1370163069854,572.6099999999991,431.5,controllo
medio,10,32.79999999999998,44.53810459136437,581.9799999999992,421.0,controllo
medio,10,32.99999999999998,45.98470015808885,591.349999999999,410.5,controllo
medio,10,33.199999999999974,47.62303255163685,600.7199999999988,399.0,controllo
medio,10,33.799999999999976,53.188608126166166,628.8299999999988,366.5,controllo
medio,10,34.199999999999974,57.975429723301474,647.5699999999988,343.5,controllo
medio,10,34.39999999999998,60.3016870681776,656.9399999999989,333.0,controllo
medio,10,34.59999999999997,62.60389498765671,666.3099999999988,323.0,controllo
medio,10,34.79999999999997,65.48285774812149,675.6799999999986,311.0,controllo
medio,10,34.99999999999997,68.1103497654652,685.0499999999987,300.5,controllo
medio,10,35.199999999999974,70.84326959305747,694.4199999999988,290.0,controllo
medio,10,35.39999999999997,73.96244718367788,703.7899999999986,278.5,controllo
medio,10,35.599999999999966,77.07443556768538,713.1599999999984,267.5,controllo
medio,10,35.79999999999997,80.46796686026138,722.5299999999985,256.0,controllo
medio,10,36.19999999999997,87.0550563296124,741.2699999999985,235.0,controllo
medio,10,36.39999999999996,90.88802708905536,750.6399999999983,223.5,controllo
medio,10,36.599999999999966,94.71216346253271,760.0099999999984,212.5,controllo
medio,20,27.0,12.781472511796292,310.25,803.5,controllo
medio,20,27.2,13.344231442361409,319.61999999999995,792.0,controllo
medio,20,27.4,13.90569330339216,328.9899999999999,781.0,controllo
medio,20,27.599999999999998,14.463657622708096,338.3599999999999,770.5,controllo
medio,20,27.799999999999997,15.157165665103983,347.7299999999999,758.0,controllo
medio,20,28.199999999999996,16.428675990644827,366.4699999999998,736.5,controllo
medio,20,28.399999999999995,17.184180842062347,375.83999999999975,724.5,controllo
medio,20,28.599999999999994,17.873694090869893,385.20999999999975,714.0,controllo
medio,20,28.799999999999994,18.695650930611233,394.5799999999997,702.0,controllo
medio,20,28.999999999999993,19.44581174014974,403.94999999999965,691.5,controllo
medio,20,29.39999999999999,20.934418076088807,422.6899999999996,669.0,controllo
medio,20,29.59999999999999,21.680264741528028,432.0599999999996,657.5,controllo
medio,20,29.79999999999999,22.418535528307405,441.42999999999955,646.5,controllo
medio,20,30.19999999999999,23.971353451615414,460.16999999999945,624.5,controllo
medio,20,30.399999999999988,24.8632143132352,469.5399999999994,612.5,controllo
medio,20,30.599999999999987,25.670770358335073,478.9099999999994,602.0,controllo
medio,20,30.799999999999986,26.544928495038008,488.2799999999994,591.0,controllo
medio,20,30.999999999999986,27.532539930788005,497.64999999999935,579.0,controllo
medio,20,31.199999999999985,28.470096282570122,507.0199999999993,568.0,controllo
medio,20,31.399999999999984,29.439578926476987,516.3899999999992,557.0,controllo
medio,20,31.599999999999984,30.488445519971055,525.7599999999993,545.5,controllo
medio,20,31.799999999999983,31.526658333793108,535.1299999999992,534.5,controllo
medio,20,32.19999999999998,33.76169843250776,553.8699999999992,512.0,controllo
medio,20,32.39999999999998,34.858276828145726,563.239999999999,501.5,controllo
medio,20,32.59999999999998,36.210261602937344,572.6099999999991,489.0,controllo
medio,20,32.79999999999998,37.3863692165267,581.9799999999992,478.5,controllo
medio,20,32.99999999999998,38.65947471340929,591.349999999999,467.5,controllo
medio,20,33.199999999999974,40.03682564801982,600.7199999999988,456.0,controllo
medio,20,33.39999999999998,41.400186249179555,610.0899999999989,445.0,controllo
medio,20,33.59999999999998,42.744862374019476,619.459999999999,434.5,controllo
medio,20,33.799999999999976,44.335196848193405,628.8299999999988,422.5,controllo
medio,20,34.199999999999974,47.550601735872476,647.5699999999988,399.5,controllo
medio,20,34.79999999999997,53.288343500801425,675.6799999999986,366.0,controllo
medio,20,34.99999999999997,55.42653205855174,685.0499999999987,355.5,controllo
medio,20,35.199999999999974,57.75861719769919,694.4199999999988,344.5,controllo
medio,20,35.39999999999997,60.3016870681776,703.7899999999986,333.0,controllo
medio,20,35.599999999999966,62.95672645385404,713.1599999999984,321.5,controllo
medio,20,35.79999999999997,65.85191486053624,722.5299999999985,309.5,controllo
medio,20,36.19999999999997,71.24253763677359,741.2699999999985,288.5,controllo
medio,20,36.39999999999996,74.5187653037218,750.6399999999983,276.5,controllo
medio,20,36.599999999999966,77.65416091116921,760.0099999999984,265.5,controllo
medio,20,36.79999999999997,80.77002504606143,769.3799999999985,255.0,controllo
medio,20,36.999999999999964,84.3262704532075,778.7499999999983,243.5,controllo
medio,20,37.19999999999996,87.8743192821674,788.1199999999982,232.5,controllo
medio,20,37.39999999999996,91.74336159303806,797.4899999999983,221.0,controllo
medio,20,37.599999999999966,95.78275502043054,806.8599999999983,209.5,controllo
medio,50,27.9,10.578104120806902,352.4149999999999,854.0,controllo
medio,50,28.299999999999997,11.595085944660298,371.15499999999986,829.5,controllo
medio,50,28.499999999999996,12.173835561300763,380.52499999999986,816.5,controllo
medio,50,28.699999999999996,12.733673239769761,389.8949999999998,804.5,controllo
medio,50,28.899999999999995,13.294327603182492,399.26499999999976,793.0,controllo
medio,50,29.099999999999994,13.984064883270594,408.6349999999997,779.5,controllo
medio,50,29.299999999999994,14.572447895664338,418.00499999999965,768.5,controllo
medio,50,29.499999999999993,15.242590461533485,427.3749999999997,756.5,controllo
medio,50,29.699999999999992,16.003399258322318,436.74499999999966,743.5,controllo
medio,50,30.29999999999999,18.314330629834192,464.8549999999995,707.5,controllo
medio,50,30.49999999999999,19.15655100408611,474.2249999999995,695.5,controllo
medio,50,30.899999999999988,20.80735004579892,492.9649999999994,671.0,controllo
medio,50,31.099999999999987,21.61436700204059,502.3349999999994,658.5,controllo
medio,50,31.299999999999986,22.418535528307405,511.70499999999936,646.5,controllo
medio,50,31.499999999999986,23.28804261429519,521.0749999999994,634.0,controllo
medio,50,31.699999999999985,24.11774367717393,530.4449999999993,622.5,controllo
medio,50,32.29999999999998,27.075404194288712,558.5549999999992,584.5,controllo
medio,50,32.499999999999986,28.040040510441916,567.9249999999993,573.0,controllo
medio,50,32.69999999999998,29.039044668927765,577.2949999999992,561.5,controllo
medio,50,32.89999999999998,30.211278371098533,586.6649999999988,548.5,controllo
medio,50,33.09999999999998,31.335297372072706,596.0349999999991,536.5,controllo
medio,50,33.29999999999998,32.50113581209978,605.4049999999992,524.5,controllo
medio,50,33.49999999999998,33.81312548642056,614.7749999999991,511.5,controllo
medio,50,33.699999999999974,35.01781179776019,624.1449999999988,500.0,controllo
medio,50,34.299999999999976,39.13309417628931,652.2549999999989,463.5,controllo
medio,50,34.49999999999997,40.71279944506334,661.6249999999986,450.5,controllo
medio,50,34.699999999999974,42.1633057641991,670.9949999999988,439.0,controllo
medio,50,34.89999999999998,43.73200326321591,680.364999999999,427.0,controllo
medio,50,35.09999999999997,45.428157174509266,689.7349999999988,414.5,controllo
medio,50,35.29999999999997,47.11832437684245,699.1049999999985,402.5,controllo
medio,50,35.49999999999997,48.87137471927024,708.4749999999987,390.5,controllo
medio,50,36.099999999999966,55.530463823911724,736.5849999999984,355.0,controllo
medio,50,36.29999999999997,58.41149942218947,745.9549999999986,341.5,controllo
medio,50,36.49999999999997,61.09766665910899,755.3249999999987,329.5,controllo
medio,50,36.69999999999997,64.14725605631999,764.6949999999985,316.5,controllo
medio,50,36.89999999999996,67.09719329917932,774.0649999999982,304.5,controllo
medio,50,37.099999999999966,70.05143387749438,783.4349999999985,293.0,controllo
medio,50,37.29999999999997,73.54793581764477,792.8049999999986,280.0,controllo
medio,50,37.499999999999964,76.78619789330233,802.1749999999984,268.5,controllo
medio,50,37.69999999999996,80.9214790696027,811.5449999999981,254.5,controllo
medio,50,38.29999999999996,92.60674553034151,839.6549999999982,218.5,controllo
medio,50,38.49999999999996,96.5031974102458,849.0249999999979,207.5,controllo
grande,4,26.1,13.832853025936599,76.52500000000009,876.0,fit
grande,4,26.3,14.085014409221902,89.57500000000005,872.5,controllo
grande,4,26.5,14.337175792507205,102.625,869.0,fit
grande,4,26.7,14.62536023054755,115.67499999999995,865.0,controllo
grande,4,26.9,14.805475504322766,128.7249999999999,862.5,fit
grande,4,27.099999999999998,15.05763688760807,141.77499999999986,859.0,controllo
grande,4,27.299999999999997,15.309798270893372,154.82499999999982,855.5,fit
grande,4,27.499999999999996,15.561959654178674,167.87499999999977,852.0,controllo
grande,4,27.699999999999996,15.85014409221902,180.92499999999973,848.0,fit
grande,4,27.899999999999995,16.102305475504323,193.97499999999968,844.5,controllo
grande,4,28.099999999999994,16.354466858789625,207.02499999999964,841.0,fit
grande,4,28.299999999999994,16.64265129682997,220.0749999999996,837.0,controllo
grande,4,28.499999999999993,16.894812680115272,233.12499999999955,833.5,fit
grande,4,28.699999999999992,17.146974063400577,246.1749999999995,830.0,controllo
grande,4,28.89999999999999,17.39913544668588,259.22499999999945,826.5,fit
grande,4,29.09999999999999,17.65129682997118,272.2749999999994,823.0,controllo
grande,4,29.29999999999999,17.939481268011527,285.32499999999936,819.0,fit
grande,4,29.49999999999999,18.19164265129683,298.3749999999993,815.5,controllo
grande,4,29.69999999999999,18.443804034582133,311.4249999999993,812.0,fit
grande,4,29.899999999999988,18.659942363112393,324.4749999999992,809.0,controllo
grande,4,30.099999999999987,18.98414985590778,337.5249999999992,804.5,fit
grande,4,30.299999999999986,19.236311239193082,350.57499999999914,801.0,controllo
grande,4,30.499999999999986,19.488472622478387,363.6249999999991,797.5,fit
grande,4,30.699999999999985,19.84870317002882,376.67499999999905,792.5,controllo
grande,4,30.899999999999984,20.172910662824208,389.724999999999,788.0,fit
grande,4,31.099999999999984,20.53314121037464,402.77499999999895,783.0,controllo
grande,4,31.299999999999983,20.89337175792507,415.8249999999989,778.0,fit
grande,4,31.499999999999982,21.253602305475503,428.87499999999886,773.0,controllo
grande,4,31.69999999999998,21.577809798270895,441.9249999999988,768.5,fit
grande,4,31.89999999999998,22.046109510086456,454.9749999999988,762.0,controllo
grande,4,32.09999999999998,22.55043227665706,468.0249999999987,755.0,fit
grande,4,32.29999999999998,22.98270893371758,481.0749999999989,749.0,controllo
grande,4,32.49999999999998,23.414985590778098,494.12499999999864,743.0,fit
grande,4,32.699999999999974,23.919308357348704,507.1749999999983,736.0,controllo
grande,4,32.89999999999998,24.459654178674352,520.2249999999985,728.5,fit
grande,4,33.299999999999976,25.504322766570606,546.3249999999985,714.0,controllo
grande,4,33.49999999999997,26.044668587896254,559.3749999999982,706.5,fit
grande,4,33.699999999999974,26.65706051873199,572.4249999999984,698.0,controllo
grande,4,33.89999999999998,27.269452449567723,585.4749999999985,689.5,fit
grande,4,34.09999999999997,27.953890489913544,598.5249999999983,680.0,controllo
grande,4,34.29999999999997,28.56628242074928,611.574999999998,671.5,fit
grande,4,34.49999999999997,29.2507204610951,624.6249999999982,662.0,controllo
grande,4,34.699999999999974,29.971181556195965,637.6749999999984,652.0,fit
grande,4,34.89999999999997,30.79971181556196,650.7249999999981,640.5,controllo
grande,4,35.099999999999966,31.592219020172912,663.7749999999978,629.5,fit
grande,4,35.29999999999997,32.34870317002882,676.824999999998,619.0,controllo
grande,4,35.49999999999997,33.2492795389049,689.8749999999982,606.5,fit
grande,4,35.69999999999997,34.04178674351585,702.9249999999979,595.5,controllo
grande,4,35.89999999999996,34.90634005763689,715.9749999999976,583.5,fit
grande,4,36.099999999999966,35.87896253602305,729.0249999999978,570.0,controllo
grande,4,36.29999999999997,36.671469740634,742.074999999998,559.0,fit
grande,4,36.499999999999964,37.716138328530256,755.1249999999977,544.5,controllo
grande,4,36.69999999999996,38.79682997118156,768.1749999999975,529.5,fit
grande,4,36.89999999999996,39.913544668587896,781.2249999999976,514.0,controllo
grande,4,37.099999999999966,40.95821325648415,794.2749999999978,499.5,fit
grande,4,37.29999999999996,42.18299711815562,807.3249999999975,482.5,controllo
grande,4,37.49999999999996,43.40778097982709,820.3749999999973,465.5,fit
grande,4,37.69999999999996,44.70461095100865,833.4249999999975,447.5,controllo
grande,4,37.89999999999996,46.07348703170029,846.4749999999976,428.5,fit
grande,4,38.09999999999996,47.65850144092219,859.5249999999974,406.5,controllo
grande,4,38.299999999999955,48.955331412103746,872.5749999999971,388.5,fit
grande,4,38.69999999999996,51.65706051873199,898.6749999999975,351.0,controllo
grande,4,38.899999999999956,52.98991354466859,911.7249999999972,332.5,fit
grande,4,39.09999999999995,54.35878962536023,924.7749999999968,313.5,controllo
grande,4,39.299999999999955,55.72766570605187,937.8249999999971,294.5,fit
grande,4,39.49999999999996,57.02449567723343,950.8749999999973,276.5,controllo
grande,4,39.69999999999995,58.357348703170025,963.9249999999969,258.0,fit
grande,4,39.89999999999995,59.762247838616716,976.9749999999966,238.5,controllo
grande,4,40.09999999999995,61.05907780979827,990.0249999999968,220.5,fit
grande,4,40.299999999999955,62.35590778097983,1003.0749999999971,202.5,controllo
grande,4,40.49999999999995,63.72478386167147,1016.1249999999967,183.5,fit
grande,4,40.699999999999946,65.09365994236312,1029.1749999999965,164.5,controllo
grande,4,40.89999999999995,66.46253602305475,1042.2249999999967,145.5,fit
grande,4,41.09999999999995,67.8314121037464,1055.274999999997,126.5,controllo
grande,4,41.29999999999995,69.12824207492795,1068.3249999999966,108.5,fit
grande,4,41.49999999999994,70.4250720461095,1081.3749999999964,90.5,controllo
grande,4,41.699999999999946,71.86599423631124,1094.4249999999965,70.5,fit
grande,4,41.89999999999995,73.16282420749279,1107.4749999999967,52.5,controllo
grande,32,26.1,9.04178674351585,76.52500000000009,942.5,fit
grande,32,26.3,9.36599423631124,89.57500000000005,938.0,controllo
grande,32,26.5,9.654178674351584,102.625,934.0,fit
grande,32,26.7,10.014409221902017,115.67499999999995,929.0,controllo
grande,32,26.9,10.26657060518732,128.7249999999999,925.5,fit
grande,32,27.099999999999998,10.626801152737752,141.77499999999986,920.5,controllo
grande,32,27.299999999999997,10.878962536023055,154.82499999999982,917.0,fit
grande,32,27.499999999999996,11.239193083573488,167.87499999999977,912.0,controllo
grande,32,27.699999999999996,11.527377521613833,180.92499999999973,908.0,fit
grande,32,27.899999999999995,11.851585014409222,193.97499999999968,903.5,controllo
grande,32,28.099999999999994,12.139769452449567,207.02499999999964,899.5,fit
grande,32,28.299999999999994,12.463976945244957,220.0749999999996,895.0,controllo
grande,32,28.499999999999993,12.752161383285303,233.12499999999955,891.0,fit
grande,32,28.699999999999992,13.040345821325648,246.1749999999995,887.0,controllo
grande,32,28.89999999999999,13.40057636887608,259.22499999999945,882.0,fit
grande,32,29.09999999999999,13.652737752161384,272.2749999999994,878.5,controllo
grande,32,29.29999999999999,14.012968299711815,285.32499999999936,873.5,fit
grande,32,29.49999999999999,14.265129682997118,298.3749999999993,870.0,controllo
grande,32,29.69999999999999,14.62536023054755,311.4249999999993,865.0,fit
grande,32,29.899999999999988,14.877521613832853,324.4749999999992,861.5,controllo
grande,32,30.099999999999987,15.237752161383286,337.5249999999992,856.5,fit
grande,32,30.299999999999986,15.489913544668587,350.57499999999914,853.0,controllo
grande,32,30.499999999999986,15.74207492795389,363.6249999999991,849.5,fit
grande,32,30.699999999999985,16.06628242074928,376.67499999999905,845.0,controllo
grande,32,30.899999999999984,16.354466858789625,389.724999999999,841.0,fit
grande,32,31.099999999999984,16.714697406340058,402.77499999999895,836.0,controllo
grande,32,31.299999999999983,17.07492795389049,415.8249999999989,831.0,fit
grande,32,31.499999999999982,17.39913544668588,428.87499999999886,826.5,controllo
grande,32,31.69999999999998,17.8314121037464,441.9249999999988,820.5,fit
grande,32,31.89999999999998,18.227665706051873,454.9749999999988,815.0,controllo
grande,32,32.09999999999998,18.623919308357348,468.0249999999987,809.5,fit
grande,32,32.29999999999998,19.056195965417867,481.0749999999989,803.5,controllo
grande,32,32.49999999999998,19.488472622478387,494.12499999999864,797.5,fit
grande,32,32.699999999999974,19.920749279538907,507.1749999999983,791.5,controllo
grande,32,32.89999999999998,20.461095100864554,520.2249999999985,784.0,fit
grande,32,33.09999999999998,20.89337175792507,533.2749999999987,778.0,controllo
grande,32,33.299999999999976,21.50576368876081,546.3249999999985,769.5,fit
grande,32,33.49999999999997,22.046109510086456,559.3749999999982,762.0,controllo
grande,32,33.699999999999974,22.55043227665706,572.4249999999984,755.0,fit
grande,32,33.89999999999998,23.162824207492797,585.4749999999985,746.5,controllo
grande,32,34.09999999999997,23.77521613832853,598.5249999999983,738.0,fit
grande,32,34.29999999999997,24.387608069164266,611.574999999998,729.5,controllo
grande,32,34.699999999999974,25.64841498559078,637.6749999999984,712.0,fit
grande,32,34.89999999999997,26.368876080691642,650.7249999999981,702.0,controllo
grande,32,35.099999999999966,27.053314121037463,663.7749999999978,692.5,fit
grande,32,35.29999999999997,27.845821325648416,676.824999999998,681.5,controllo
grande,32,35.49999999999997,28.56628242074928,689.8749999999982,671.5,fit
grande,32,35.69999999999997,29.322766570605186,702.9249999999979,661.0,controllo
grande,32,35.89999999999996,30.15129682997118,715.9749999999976,649.5,fit
grande,32,36.099999999999966,31.01585014409222,729.0249999999978,637.5,controllo
grande,32,36.29999999999997,31.880403458213255,742.074999999998,625.5,fit
grande,32,36.499999999999964,32.78097982708934,755.1249999999977,613.0,controllo
grande,32,36.69999999999996,33.64553314121037,768.1749999999975,601.0,fit
grande,32,36.89999999999996,34.54610951008645,781.2249999999976,588.5,controllo
grande,32,37.099999999999966,35.59077809798271,794.2749999999978,574.0,fit
grande,32,37.29999999999996,36.63544668587896,807.3249999999975,559.5,controllo
grande,32,37.49999999999996,37.64409221902017,820.3749999999973,545.5,fit
grande,32,37.69999999999996,38.72478386167147,833.4249999999975,530.5,controllo
grande,32,37.89999999999996,39.913544668587896,846.4749999999976,514.0,fit
grande,32,38.09999999999996,41.31844380403458,859.5249999999974,494.5,controllo
grande,32,38.299999999999955,42.68731988472622,872.5749999999971,475.5,fit
grande,32,38.49999999999996,44.128242074927954,885.6249999999973,455.5,controllo
grande,32,38.69999999999996,45.461095100864554,898.6749999999975,437.0,fit
grande,32,38.899999999999956,46.90201729106628,911.7249999999972,417.0,controllo
grande,32,39.09999999999995,48.30691642651297,924.7749999999968,397.5,fit
grande,32,39.299999999999955,49.56772334293948,937.8249999999971,380.0,controllo
grande,32,39.49999999999996,50.972622478386164,950.8749999999973,360.5,fit
grande,32,39.69999999999995,52.26945244956772,963.9249999999969,342.5,controllo
grande,32,39.89999999999995,53.53025936599423,976.9749999999966,325.0,fit
grande,32,40.09999999999995,54.79106628242075,990.0249999999968,307.5,controllo
grande,32,40.299999999999955,56.0878962536023,1003.0749999999971,289.5,fit
grande,32,40.49999999999995,57.38472622478386,1016.1249999999967,271.5,controllo
grande,32,40.699999999999946,58.68155619596542,1029.1749999999965,253.5,fit
grande,32,40.89999999999995,59.97838616714697,1042.2249999999967,235.5,controllo
grande,32,41.09999999999995,61.27521613832853,1055.274999999997,217.5,fit
grande,32,41.29999999999995,62.57204610951008,1068.3249999999966,199.5,controllo
grande,32,41.49999999999994,63.8328530259366,1081.3749999999964,182.0,fit
grande,32,41.699999999999946,65.1657060518732,1094.4249999999965,163.5,controllo
grande,32,41.89999999999995,66.42651296829972,1107.4749999999967,146.0,fit
